gh,transaction,address,tradingfee,miningfee,tradeid
514,57b7b89a33a9103a0e808ce2781370375d8ab1198381a2a894c0f5e754da4834,1CQnE3WiEvpkmbjx5EPHhF4z8KVxTwCG8P,0.00005000,0.00030680,KJVEg
