gh,transaction,address,tradingfee,miningfee,tradeid
207,a6149176b201eb5f69a83968fe493696af8f2c5cb199ff6aba31db8b70e85012,1HVNM3GB6gkEPW7rMzXUhCgrwqUfhdouN2,0.00010100,0.00015600,99097
207,82adc142df3112b96fdf8305c74ff867ffd6c75554e3d1bdddf9245b51c42fc7,1GEmqM5K5FE9XoMdAZxHhTotLVXhyNTMuY,0.00030300,0.00012160,99097
303,334e2658236426537c8bd58c8bbc53821003f9da29aec11d9cc3722ac3292a22,1Ga72DaCMMjMRt5GVoKC9QZs7g4EM61tRM,0.00037500,0.00003800,AiDVT
