gh,transaction,address,tradingfee,miningfee,tradeid
133,5b9c8337bb983508f9153b260ecf6ad4951e65282c2ea536ea486a1c907db60f,1Dsiy6MpBFW62ALd3QxD8YVFWrppJm74aK,0.00012500,0.00004356,itncodgr
132,20a4c582f4aca6189935ce2e861574cdcdf4165fdbe4efa2302c7fc485aef303,1QGFB4XytRCZsbEe5rpgigtcVkyioPeRo1,0.00012000,0.00003200,IDZVJP
129,6024ba60612952bd8c45861c598561f21052c0e0441ad644979697892a24c479,15p9Hk4zxp5qhtAZo8tNQ1cFzkaxzqhv6F,0.00557500,0.00012188,70284065
106,51552c1807193d401ba46a53e30991e62509c443aecf8d55c54fa45bc7b79934,1JxC1dPF4m6wbgs49mRehsLTFoBzKsG45W,0.00010000,0.00004800,S7cTwQp
108,7afdf3ad84013624557779de983d3a15c2f7b3d7a0a319a2cbdaaef0d0d62ef6,1CBMPWMbQQu2FMyYfLEBrMbyPRcUKhD3Yp,0.00020000,0.00009600,em8pkj
107,8625fe8a4b86a311c92f4655ddec102172bedfee5e08bceda908434090aba727,14bwBqiHmoKm3wQLji8AfAP97sZ5jdpEMt,0.00012500,0.00003200,GRKVTEOX
