gh,transaction,address,tradingfee,miningfee,tradeid
259,fbd3c01f5c85b90f90b4637fb82afe6ed990141b166ea646409f7ba745b5bf83,1Czx7ZKhgFT9WoKXEneAtbZaEATd4hD92C,0.00012500,0.00018200,cpdenK
259,590b6f4dbcad92c2d7d11281b34edf4bc51c91e3d557b9f972d99d0667c25214,1MfZnn1FmSKhJiRM85EeJRhQs97uyLLQ7T,0.00012500,0.00033396,cpdenK
259,fdeccac854f0e2164279da18a8d2f0b3d5735bfbcc37c168d1e565137b5d9e5a,15QUj9Z9Anxd4qaS3MRofYyaFR2ndD7RSc,0.00012500,0.00034122,cpdenK
259,83328552a5725ed12b7784bbfa4e91491731c4689a117bfd9b0fdb76541a0672,12KHhKrXXMdgXfNmFZc8Ar5xkUAc5o6tfg,0.00012500,0.00028800,cpdenK
