gh,transaction,address,tradingfee,miningfee,tradeid
77,810f2dc534b5d2944ab3bd3c575944d9e27e57f6b58004a3f31f6143bfb75558,1NDkDU28hPuHwhADVEnHpJXp3bEXGArgqJ,0.00009800,0.00002600,CTBWG
77,3ac8762178d0a39e4f82d46f39f55a6f5aaa2379899eb0ed007d8a2a54cf5883,14JTxUcCpJGVB7nZGsMf5Bw29o4QX3eksZ,0.00005000,0.00006400,CTBWG
