gh,transaction,address,tradingfee,miningfee,tradeid
174,a0018a98bb7cd67d933070c163118e453195478a02121c8d8eda281f28e6b7a1,1dyZqtrXgioeFaxwa9dfDs8Y1iMwPRUDE,0.00200000,0.00010880,pJUAJmJ
175,63ad31eb9b033688a9b5b755b17f444bc8347e24e43d4aaaefcb2a4b2ebb1799,1ZKNaMDPMPWDV92jz9cVSa47GiMJaFMwo,0.00200000,0.00010240,n287S
176,8b2a4a8896064e7ff647fc49f7815177379aabd41bc83ab2e2e32c4fda1957cb,1K8mEA4khSneXoM12zPrftaMWE6AbxkMQE,0.00200000,0.00010880,PQaSpr
177,c1897b7ce7e4c4d582b7ac76de36e63b16bcfbab3547b84148c5dc2bd8c0b6a2,18hJ56njo6jBanNcKuwhQmPnTqC6FDr5q6,0.00200000,0.00010880,cpdhrz
178,0899347d755a22158700c15bec3d9af4783179dbf6aa2090d9df49e31d54b355,1FR4WLFsgUnFvnbJN46dKHeafL1tHHyrzZ,0.00308500,0.00014560,9fbwvkl
178,f302372e0ae26cf226e4ca55535eab101798be9813e5f5af53b265de8ae521d9,1BKRNpwSy4h9beqEH4j46TSaxWgG8ZgvVz,0.00200000,0.00055100,9fbwvkl
