gh,transaction,address,tradingfee,miningfee,tradeid
222,626f6f2a639cbca7829c9b1caec8bd46c51a2182aad1835da2ada4514939209a,1ErneXty3Pmc963icrYabZNWcdRBLNRFwJ,0.00200000,0.00006240,LBUGUGC
222,6b7e4da1cf04dab59c7efc3b014550db95cfd202c207128b362de152a55ed531,1McexBiSgJyTy73BX2XrYHmrvpBrJpvueV,0.00600000,0.00009120,LBUGUGC
224,f33fd17852b28b53d95dff72c3e86927c059d2e25e0c9a48f73064f1709829c8,1BCtXcP3gc7FygZMegeKUPsogo68aKRSPA,0.00200000,0.00006240,83101
224,7f19ab81a87b55b70a2b2713f98bc1265fcd1bf178a44d8364107a02ebd29d18,13Y7J4qTSAwkdmihmczDx8Uv4WSkJHBKmh,0.00600000,0.00009120,83101
225,e32b3ab53202ab64b1f03a4b843a659c4dfe984274ea7e91e5a6b8d5739ce0bc,1936NB99p2LAmREdgnNWTty87S9DxtiiFJ,0.00200000,0.00006760,reunhrcf
225,5b814e03961672448afcfa184335d57e76400911c005a4393a6696581fa3e8c9,17DHGqFg83L5SJGkHhrikHvtwvNEtTiiXQ,0.00600000,0.00009880,reunhrcf
