issue,transaction,address,tradingfee,miningfee
3,dbdb6030d2d1b71515ef15f3e52c55357c720cb0e10833f5dc745a43b5401d8e,1Fr621qa6XdxLpq7KasEk5GPXMNwEiZGfx,0.000200,0.002366
3,2115f3d5da724e7e3db8da39b9077b2815fecc54c7ebf0fc1102f6199eea5a95,16UsMCWPquW5s8o4hRAfJsHmDjsZmT7K2y,0.000200,0.002366
3,0e8af3d28cf8d4f8cf29069760e76bae9435b30514b16e7aca500e6eaccb1ba3,1Fr621qa6XdxLpq7KasEk5GPXMNwEiZGfx,0.000307,0.004080
3,6e89836b8061160b738ac54f6c020878f95ade8fcbaa9db8d87d7d935ada5007,1Fr621qa6XdxLpq7KasEk5GPXMNwEiZGfx,0.000330,0.002600
3,8c10ea10802c23db11cc8ded51a75f1c652b37a1f9293c6b07bf5951ba4df01a,1GNS6UPQ4cG8tYpgfg6U7e3Uu6vUbKkVWB,0.000200,0.001040
