gh,transaction,address,tradingfee,miningfee,tradeid
204,f8f073407fdfa2feb31c0aca7bfc12be90e688aacf33c1ae44b0a07b3eebe326,1N3bmpPCDVD63rbPizbcDSPytXnVr4mRdf,0.00100000,0.00008320,85183317
204,4a4747d00a4aea069c1b86f086299b2c3478b33eab3860e86a2a066054d7381d,1JKGK8NUw8y66o46ZCut9PyaiVkbLkc1Pi,0.00300000,0.00010880,85183317
205,7b8541826149424d20e06fad099164f6782626e14397f9375b5a4ffec39c9b25,1McF1Y5o4w8FiyRxvFoFaBE33d3ZujmQaT,0.00005000,0.00011080,IOXOJC
205,9d37d5b0adac33f9f6694886a121539e3bfd7d34cff0383bfd94e648926e1cad,1LXQmhUuLDpYgDfT4ZS5DqLH6xTRe6ygPx,0.00013260,0.00007680,IOXOJC
