gh,transaction,address,tradingfee,miningfee,tradeid
435,2180c40b566dfc492401aee01d44bc4d3c8bedf5082a0dcee280c03c0c4895c0,127cQ5P9W3yYnrbqkFc6J9JaJK4pNPtFhf,0.00004339,0.00004100,I3CF0G
438,064e82d2fcffe32ec420443337808fb4e9f2852e0e9f203663b7e55d28355c51,1EwwTLMWB7jNRPuahAjHVCDNMXcyMppxew,0.00005064,0.00028912,lxFhS
441,ce4e2446adc121bb6653ad2316f897babb24b1b767beea0d39e3a75530ae9e9a,1J7DZHruna1TN714j5qSd3BjjVPE2VNSDk,0.00035280,0.00009020,ZyilENaJ
442,3f91d5622f6e2fbe2435629d9d17dcfa621a2532a013f47507acb72703313e95,1D4ovsNkxhtdWNZQU8EY7XadENSrQKSjYC,0.00033680,0.00009020,8ddt5d
443,7a85bae2fae5ea9f933cf8d8d887cda7bd4a169678172306a927d29150dd17a4,1MYFF38tAYdo42HLtepZWtBCTcKijLBwzg,0.00032080,0.00012300,GJJVSXE
445,b75a79d798a945d74d9c80d36da5cc3ea062c7c74c2ac1a638e382c50c5adee3,1BitHJPJF3y4APKav9kHFhWGQBvAVqQN3U,0.00027280,0.00012300,CADUMWWE
