gh,transaction,address,tradingfee,miningfee,tradeid
174,a0018a98bb7cd67d933070c163118e453195478a02121c8d8eda281f28e6b7a1,1dyZqtrXgioeFaxwa9dfDs8Y1iMwPRUDE,0.00200000,0.00010880,pJUAJmJ
175,63ad31eb9b033688a9b5b755b17f444bc8347e24e43d4aaaefcb2a4b2ebb1799,1ZKNaMDPMPWDV92jz9cVSa47GiMJaFMwo,0.00200000,0.00010240,n287S
176,8b2a4a8896064e7ff647fc49f7815177379aabd41bc83ab2e2e32c4fda1957cb,1K8mEA4khSneXoM12zPrftaMWE6AbxkMQE,0.00200000,0.00010880,PQaSpr
