gh,transaction,address,tradingfee,miningfee,tradeid
148,f41cd191bef4d3be9311d8e9ee64c82fe127eb173393c20c5c87fad9f2355b6e,19nUpn2dzxLqhR9yoFjeeSPefAN8rcuGeT,0.00005000,0.00004070,7316228
148,3f7d6fefb8683745928158e5924867ddcc155e88d5117676e595a29e724402bb,1BtoeMvRu8jFjFVKfZAeJ2XSoh13ULy7Pf,0.00200000,0.00003200,7316228
