gh,transaction,address,tradingfee,miningfee,tradeid
133,5b9c8337bb983508f9153b260ecf6ad4951e65282c2ea536ea486a1c907db60f,1Dsiy6MpBFW62ALd3QxD8YVFWrppJm74aK,0.00012500,0.00004356,itncodgr
132,20a4c582f4aca6189935ce2e861574cdcdf4165fdbe4efa2302c7fc485aef303,1QGFB4XytRCZsbEe5rpgigtcVkyioPeRo1,0.00012000,0.00003200,IDZVJP
129,6024ba60612952bd8c45861c598561f21052c0e0441ad644979697892a24c479,15p9Hk4zxp5qhtAZo8tNQ1cFzkaxzqhv6F,0.00557500,0.00012188,70284065
