gh,transaction,address,tradingfee,miningfee,tradeid
204,f8f073407fdfa2feb31c0aca7bfc12be90e688aacf33c1ae44b0a07b3eebe326,1N3bmpPCDVD63rbPizbcDSPytXnVr4mRdf,0.00100000,0.00008320,85183317
204,4a4747d00a4aea069c1b86f086299b2c3478b33eab3860e86a2a066054d7381d,1JKGK8NUw8y66o46ZCut9PyaiVkbLkc1Pi,0.00300000,0.00010880,85183317
