gh,transaction,address,tradingfee,miningfee,tradeid
222,626f6f2a639cbca7829c9b1caec8bd46c51a2182aad1835da2ada4514939209a,1ErneXty3Pmc963icrYabZNWcdRBLNRFwJ,0.00200000,0.00006240,LBUGUGC
222,6b7e4da1cf04dab59c7efc3b014550db95cfd202c207128b362de152a55ed531,1McexBiSgJyTy73BX2XrYHmrvpBrJpvueV,0.00600000,0.00009120,LBUGUGC
