gh,transaction,address,tradingfee,miningfee,tradeid
204,f8f073407fdfa2feb31c0aca7bfc12be90e688aacf33c1ae44b0a07b3eebe326,1N3bmpPCDVD63rbPizbcDSPytXnVr4mRdf,0.00100000,0.00008320,85183317
204,4a4747d00a4aea069c1b86f086299b2c3478b33eab3860e86a2a066054d7381d,1JKGK8NUw8y66o46ZCut9PyaiVkbLkc1Pi,0.00300000,0.00010880,85183317
205,7b8541826149424d20e06fad099164f6782626e14397f9375b5a4ffec39c9b25,1McF1Y5o4w8FiyRxvFoFaBE33d3ZujmQaT,0.00005000,0.00011080,IOXOJC
205,9d37d5b0adac33f9f6694886a121539e3bfd7d34cff0383bfd94e648926e1cad,1LXQmhUuLDpYgDfT4ZS5DqLH6xTRe6ygPx,0.00013260,0.00007680,IOXOJC
208,940bb03ceaaf79786c09daaf6a6e367dc774c429fdd3a40f626593d053af2c72,1PYHYsvrWxS5LJtfqeLnRHq9YXoGprrA7w,0.00025000,0.00015600,nUe3SN4
206,760a1e62f32d21926f3e790b662c5003c4d90ed8127ebc6bca5bab49b5c30a90,1DYE7Em4YijjwKSnNfB257RudwddVV7AYs,0.00009650,0.00003640,DDEVM
210,ae7b9225e326320cd058052615b4c86708207446511149e9c6e1a9fb1a77bc8f,187hsotQsmdXzPZH9FxGdarKCN5dzbnSCm,0.00007010,0.00006240,LWDBOKE
