gh,transaction,address,tradingfee,miningfee,tradeid
370,471264a1d21d2e8960408bb42ca9c46e790f60ac28e56e33674afc4f7272eaab,1JZiKvPJyysqtaTUjbFmGAvXifnMPAvaLA,0.00005000,0.00002600,4794340
373,ef5a8562d04420386b4b5f06891fde6a7103cd6155c257fbc4f20af087611f21,1D5tQiipqD2XELCp6FK48YshgVbN8zNQUe,0.00005000,0.00019488,025766
