gh,transaction,address,tradingfee,miningfee,tradeid
435,2180c40b566dfc492401aee01d44bc4d3c8bedf5082a0dcee280c03c0c4895c0,127cQ5P9W3yYnrbqkFc6J9JaJK4pNPtFhf,0.00004339,0.00004100,I3CF0G
438,064e82d2fcffe32ec420443337808fb4e9f2852e0e9f203663b7e55d28355c51,1EwwTLMWB7jNRPuahAjHVCDNMXcyMppxew,0.00005064,0.00028912,lxFhS
