gh,transaction,address,tradingfee,miningfee,tradeid
191,53b5cfc70fd936568636bb026ff68f456bc8663be5c066efbf3c571f24aa0062,1F9kciPdh1jsiXgbBLFEaFCYsAvs5njgvP,0.00005000,0.00065472,99002
191,9941d04ef47220fc9462ff90cf09cbb378e6658a908aeec357228b29295461ca,1Bd5wTs17GA4wKezk7BtGFLoZTzeBmZ8bJ,0.00200000,0.00003840,99002
192,a4055933abcd05b22ca25ece91a6e9d01d558765af8664744e101965fde45500,1A2cqbg8vYDnVDrqBjwDhUiPxRrXfKpUrU,0.00005000,0.00005720,ixpivoz
192,7cb3cdb7f57ab87154a9fd1e7a24f5c7ccce0488ae17a023353f267e4ba9edc8,12hdpSNRJ8eELD2K5Hoia7gKpYV611qHyW,0.00200000,0.00007040,ixpivoz
193,9421af6dc3a1bc5bc8da731a657fa5f9591d767bd1ad7a693e22b78f8b7e1334,14qP9dUiSpPRgFRCxpkNFveyvvMd1czq1H,0.00005000,0.00005720,SFQYSFDB
193,faea4cd056e7803ea18f51edf5f883009fad676ce339c34c85b115bed07982a4,1NQKeC3CTjjMeFGfX1VYg7ZuXrFnHv4KNg,0.00200000,0.00007040,SFQYSFDB
