gh,transaction,address,tradingfee,miningfee,tradeid
148,f41cd191bef4d3be9311d8e9ee64c82fe127eb173393c20c5c87fad9f2355b6e,19nUpn2dzxLqhR9yoFjeeSPefAN8rcuGeT,0.00005000,0.00004070,7316228
148,3f7d6fefb8683745928158e5924867ddcc155e88d5117676e595a29e724402bb,1BtoeMvRu8jFjFVKfZAeJ2XSoh13ULy7Pf,0.00200000,0.00003200,7316228
150,17fa7276c28e58030ae7bde257d43dece005491c2e4d320ce9b719c7619cef26,1Hz2RcTpS28Ua56bmozq1jkdEk3DrkJzNt,0.00005000,0.00004070,myfmqqy
150,a295b89ef042750e54c1c55295cdec018ca7f9461f03a5cd360f3aea73d8ef84,1D8d98wLPGMkMzMmTZe7GMhwVdj2ZsaZEr,0.00020000,0.00003200,myfmqqy
