gh,transaction,address,tradingfee,miningfee,tradeid
207,a6149176b201eb5f69a83968fe493696af8f2c5cb199ff6aba31db8b70e85012,1HVNM3GB6gkEPW7rMzXUhCgrwqUfhdouN2,0.00010100,0.00015600,99097
207,82adc142df3112b96fdf8305c74ff867ffd6c75554e3d1bdddf9245b51c42fc7,1GEmqM5K5FE9XoMdAZxHhTotLVXhyNTMuY,0.00030300,0.00012160,99097
303,334e2658236426537c8bd58c8bbc53821003f9da29aec11d9cc3722ac3292a22,1Ga72DaCMMjMRt5GVoKC9QZs7g4EM61tRM,0.00037500,0.00003800,AiDVT
304,323d65ba1c7fe463ed415f2ae3a5d46f83ed0b81037a28fac76bedc58a206ccc,16CBbaSASMVN6fUceLKzfKwLzMCyrLnzUA,0.00090060,0.00003800,VftyDShZ

305,59d87f1bd258c60ca4d9627c01d2e75bda4147827ef19eee6b959405ab300e8b,17N2MPRE2HN3z7EwwCefUq2t1YoTizFMEy,0.00003253,0.00007030,uk6vxkn
305,650a20f0c5a07375843de2a4186e9810df480826fd003772f63047c6c12eb016,null,00,00,uk6vxkn
