gh,transaction,address,tradingfee,miningfee,tradeid
191,53b5cfc70fd936568636bb026ff68f456bc8663be5c066efbf3c571f24aa0062,1F9kciPdh1jsiXgbBLFEaFCYsAvs5njgvP,0.00005000,0.00065472,99002
191,9941d04ef47220fc9462ff90cf09cbb378e6658a908aeec357228b29295461ca,1Bd5wTs17GA4wKezk7BtGFLoZTzeBmZ8bJ,0.00200000,0.00003840,99002
